{
    "pools": [
        {
            "rolls": 1,
            "entries": [
                {
                    "type": "minecraft:item",
                    "name": "minecraft:crossbow",
                    "functions": [
                        {
                            "function": "minecraft:reference",
                            "name": "tf2:load_crossbow",
                            "conditions": [
                                {
                                    "condition": "minecraft:entity_scores",
                                    "entity": "this",
                                    "scores": {
                                        "tf2.attack_delay": {
                                            "max": 1000
                                        }
                                    }
                                },
                                {
                                    "condition": "minecraft:reference",
                                    "name": "tf2:ammo_in_clip"
                                }
                            ]
                        }
                    ]
                }
            ]
        }
    ]
}