{
    "pools": [
        {
            "rolls": 1,
            "entries": [
                {
                    "type": "minecraft:alternatives",
                    "children": [
                        {
                            "type": "minecraft:item",
                            "name": "minecraft:snowball",
                            "conditions": [
                                {
                                    "condition": "minecraft:entity_scores",
                                    "entity": "this",
                                    "scores": {
                                        "tf2.attack_delay": {
                                            "max": 1000
                                        }
                                    }
                                }
                            ]
                        },
                        {
                            "type": "minecraft:item",
                            "name": "minecraft:brick"
                        }
                    ]
                }
            ]
        }
    ]
}