{
    "condition": "minecraft:all_of",
    "terms": [
        {
            "condition": "minecraft:entity_properties",
            "entity": "this",
            "predicate": {
                "equipment": {
                    "mainhand": {
                        "items": [
                            "minecraft:crossbow"
                        ],
                        "nbt": "{kind: \"real\"}"
                    }
                }
            }
        },
        {
            "condition": "minecraft:entity_properties",
            "entity": "this",
            "predicate": {
                "equipment": {
                    "offhand": {
                        "items": [
                            "minecraft:crossbow"
                        ],
                        "nbt": "{kind: \"fake\"}"
                    }
                }
            }
        }
    ]
}