{
    "condition": "minecraft:any_of",
    "terms": [
        {
            "condition": "minecraft:entity_properties",
            "entity": "this",
            "predicate": {
                "equipment": {
                    "mainhand": {
                        "items": [
                            "minecraft:carrot_on_a_stick"
                        ]
                    }
                }
            }
        },
        {
            "condition": "minecraft:reference",
            "name": "tf2:holding_melee"
        },
        {
            "condition": "minecraft:reference",
            "name": "tf2:non_damaging"
        }
    ]
}