{
    "condition": "minecraft:any_of",
    "terms": [
        {
            "condition": "minecraft:location_check",
            "offsetY": 1,
            "predicate": {
                "fluid": {
                    "fluid": "minecraft:water"
                }
            }
        },
        {
            "condition": "minecraft:location_check",
            "offsetY": 1,
            "predicate": {
                "fluid": {
                    "fluid": "minecraft:flowing_water"
                }
            }
        },
        {
            "condition": "minecraft:location_check",
            "offsetY": 1,
            "predicate": {
                "block": {
                    "state": {
                        "waterlogged": "true"
                    }
                }
            }
        },
        {
            "condition": "minecraft:entity_properties",
            "entity": "this",
            "predicate": {
                "flags": {
                    "is_swimming": true
                }
            }
        }
    ]
}