{
    "pools": [
        {
            "rolls": 1,
            "entries": [
                {
                    "type": "minecraft:loot_table",
                    "name": "tf2:crossbow_base",
                    "functions": [
                        {
                            "function": "minecraft:set_name",
                            "name": {
                                "text": "SMG",
                                "color": "gray",
                                "italic": true
                            }
                        },
                        {
                            "function": "minecraft:set_nbt",
                            "tag": "{\n                                CustomModelData: 22000,\n                                retina: {HorizontalCount: 1, VerticalCount: 1, CenteredCount: 0, EndpointEntity: true, TargetEntities: true, SpreadFactor: [25, 60], MaxRecursionDepth: 100},\n                                attributes: {damage: {base: 8}, attackDelay: 0.105d, reloadDelay: [1.1d, 1.1d], clip: 25, ammo: 75},\n                                controls: {main_fire: true, alt_fire: false, reload: 3},\n                                Unbreakable: 1b\n                            }"
                        }
                    ]
                }
            ]
        }
    ]
}