{
    "pools": [
        {
            "rolls": 1,
            "entries": [
                {
                    "type": "minecraft:loot_table",
                    "name": "tf2:crossbow_base",
                    "functions": [
                        {
                            "function": "minecraft:set_name",
                            "name": {
                                "text": "Sniper Rifle",
                                "color": "gray",
                                "italic": true
                            }
                        },
                        {
                            "function": "minecraft:set_nbt",
                            "tag": "{\n                                CustomModelData: 21000,\n                                retina: {HorizontalCount: 1, VerticalCount: 1, CenteredCount: 0, EndpointEntity: false, TargetEntities: true, SpreadFactor: [0, 0], MaxRecursionDepth: 500},\n                                attributes: {damage: {base: 50, uniform: true}, attackDelay: 1.5d, clip: 15, ammo: 0},\n                                controls: {main_fire: true, alt_fire: false, reload: 0},\n                                Unbreakable: 1b\n                            }"
                        }
                    ]
                }
            ]
        }
    ]
}