{
    "pools": [
        {
            "rolls": 1,
            "entries": [
                {
                    "type": "minecraft:item",
                    "name": "minecraft:spyglass",
                    "functions": [
                        {
                            "function": "minecraft:set_name",
                            "name": {
                                "text": "",
                                "color": "white"
                            }
                        },
                        {
                            "function": "minecraft:set_nbt",
                            "tag": "{CustomModelData: 21000}"
                        }
                    ]
                }
            ]
        }
    ]
}