{
    "pools": [
        {
            "rolls": 1,
            "entries": [
                {
                    "type": "minecraft:item",
                    "name": "minecraft:clay_ball",
                    "functions": [
                        {
                            "function": "minecraft:set_name",
                            "name": {
                                "text": ""
                            }
                        },
                        {
                            "function": "minecraft:set_nbt",
                            "tag": "{ CustomModelData: 63000, attributes: {isMelee: true} }"
                        }
                    ]
                }
            ]
        }
    ]
}