{
    "pools": [
        {
            "rolls": 1,
            "entries": [
                {
                    "type": "minecraft:item",
                    "name": "minecraft:crossbow",
                    "functions": [
                        {
                            "function": "minecraft:set_name",
                            "name": {
                                "text": "Minigun",
                                "color": "gray",
                                "italic": true
                            }
                        },
                        {
                            "function": "minecraft:set_nbt",
                            "tag": "{\n                                CustomModelData: 61001,\n                                retina: {HorizontalCount: 1, VerticalCount: 1, CenteredCount: 0, EndpointEntity: true, TargetEntities: true, SpreadFactor: [210, 370], MaxRecursionDepth: 100},\n                                attributes: {damage: {base: 9, maxRamp: 1.5}, attackDelay: 0.1d, spinupDelay: 0.87d, clip: 200, ammo: 0},\n                                controls: {main_fire: true, alt_fire: false, reload: 0}, \n                                Unbreakable: 1b, \n                                kind: \"real\"\n                            }"
                        },
                        {
                            "function": "minecraft:reference",
                            "name": "tf2:load_crossbow",
                            "conditions": [
                                {
                                    "condition": "minecraft:entity_scores",
                                    "entity": "this",
                                    "scores": {
                                        "tf2.time_revved": {
                                            "min": {
                                                "type": "minecraft:score",
                                                "target": "this",
                                                "score": "tf2.rev_threshold",
                                                "scale": 1
                                            }
                                        }
                                    }
                                }
                            ]
                        }
                    ]
                }
            ]
        }
    ]
}