{
    "pools": [
        {
            "rolls": 1,
            "entries": [
                {
                    "type": "minecraft:loot_table",
                    "name": "tf2:crossbow_base",
                    "functions": [
                        {
                            "function": "minecraft:set_name",
                            "name": {
                                "text": "Shotgun",
                                "color": "gray",
                                "italic": true
                            }
                        },
                        {
                            "function": "minecraft:set_nbt",
                            "tag": "{\n                                CustomModelData: 42000,\n                                retina: {HorizontalCount: 3, VerticalCount: 3, CenteredCount: 1, EndpointEntity: true, TargetEntities: true, SpreadFactor: [100, 250], MaxRecursionDepth: 100},\n                                attributes: {damage: {base: 6, maxRamp: 1.5}, attackDelay: 0.625d, reloadDelay: [1.005d, 0.51d], clip: 6, ammo: 32},\n                                controls: {main_fire: true, alt_fire: false, reload: 1},\n                                Unbreakable: 1b\n                            }"
                        }
                    ]
                }
            ]
        }
    ]
}