{
    "pools": [
        {
            "rolls": 1,
            "entries": [
                {
                    "type": "minecraft:item",
                    "name": "minecraft:iron_leggings",
                    "functions": [
                        {
                            "function": "minecraft:reference",
                            "name": "tf2:apply_team_material"
                        },
                        {
                            "function": "minecraft:set_nbt",
                            "tag": "{Trim: {pattern: \"tf2:scout\"}}"
                        }
                    ]
                }
            ]
        }
    ]
}